ruta,descripcion,resolucion,tamaño(mb),tipo,tags,ultimoPerfil,fechaActualizacion
unlpimage/images/repositorio/default.png,Imagen Default,530x530,0.005929,PNG,['Default'],esteban,1684726800
unlpimage/images/repositorio/Hombre-marron.png,Pelo Marrón,768x768,0.092844,PNG,"['Marrón', 'Hombre']",nico,1684813200
unlpimage/images/repositorio/Hombre-negro.png,Pelo Negro,768x768,0.096081,PNG,"['Negro', 'Hombre']",esteban,1684950000
unlpimage/images/repositorio/Hombre-rubio.png,Pelo Rubio,768x768,0.160487,PNG,"['Rubio', 'Hombre']",esteban,1684986000
unlpimage/images/repositorio/Mujer-marron-claro.png,Mujer Marrón Claro,768x768,0.087886,PNG,"['Marrón', 'Claro', 'Mujer']",esteban,1685072400
unlpimage/images/repositorio/Mujer-marron.png,Mujer Pello Marrón,768x768,0.099627,PNG,"['Mujer', 'Marrón', 'Oscuro']",nico,1685158800
unlpimage/images/repositorio/Mujer-negro.png,Mujer Pelo Negro,768x768,0.097117,PNG,"['Negro', 'Mujer']",bauti,1685245200
unlpimage/images/repositorio/ejemplo.jpg,,720x360,0.06873,JPEG,['Ejemplo'],esteban,1685284370
unlpimage/images/repositorio/Plantilla-bob-esponja.png,Plantilla,563x564,0.278449,PNG,"['Bob', 'Esponja', 'Plantilla']",tucci,1685619811
unlpimage/images/repositorio/Plantilla-homero.png,Homero,711x564,0.276945,PNG,"['Homero', 'Plantilla']",tucci,1686790190
unlpimage/images/repositorio/Plantilla-grita-internamente.png,Grita,577x564,0.208924,PNG,"['Grita', 'Plantilla']",tucci,1686790200
unlpimage/images/repositorio/Plantilla-winie-pooh.png,Winie,531x564,0.200173,PNG,"['Winie', 'Plantilla']",tucci,1686790215
unlpimage/images/repositorio/Plantilla-joe-friends.png,Plantilla,563x564,0.222186,PNG,"['Plantilla', 'Joe', 'Friends']",tucci,1686827239
